{"cameraMode":{"drawMode":0,"name":"Shaded","section":"Shading Mode"},"sceneLighting":true,"audioPlay":false,"sceneViewState":{"m_AlwaysRefresh":false,"showFog":true,"showSkybox":true,"showFlares":true,"showImageEffects":true,"showParticleSystems":true,"showVisualEffectGraphs":true,"m_FxEnabled":true},"in2DMode":false,"pivot":{"x":-0.041245460510253909,"y":4.281107425689697,"z":2.0940752029418947},"rotation":{"x":-0.19203731417655946,"y":-0.5086480379104614,"z":0.1175437793135643,"w":-0.8310241103172302},"size":7.597128868103027,"orthographic":true}