{"cameraMode":{"drawMode":0,"name":"Shaded","section":"Shading Mode"},"sceneLighting":true,"audioPlay":false,"sceneViewState":{"m_AlwaysRefresh":false,"showFog":true,"showSkybox":true,"showFlares":true,"showImageEffects":true,"showParticleSystems":true,"showVisualEffectGraphs":true,"m_FxEnabled":true},"in2DMode":false,"pivot":{"x":826.5001220703125,"y":206.62991333007813,"z":0.00014925003051757813},"rotation":{"x":0.11644501239061356,"y":-0.09121432155370712,"z":0.010741750709712506,"w":0.9889489412307739},"size":646.9992065429688,"orthographic":true}